image_id,image_category,neckline_left,neckline_right,center_front,shoulder_left,shoulder_right,armpit_left,armpit_right,waistline_left,waistline_right,cuff_left_in,cuff_left_out,cuff_right_in,cuff_right_out,top_hem_left,top_hem_right,waistband_left,waistband_right,hemline_left,hemline_right,crotch,bottom_left_in,bottom_left_out,bottom_right_in,bottom_right_out
Images/blouse/3578977274375a7ab75862852210b5f5.jpg,blouse,209_130_1,291_141_0,238_164_1,176_135_1,329_160_1,170_216_0,296_269_1,-1_-1_-1,-1_-1_-1,140_333_0,101_316_1,365_344_1,398_274_1,129_358_1,280_380_1,-1_-1_-1,-1_-1_-1,-1_-1_-1,-1_-1_-1,-1_-1_-1,-1_-1_-1,-1_-1_-1,-1_-1_-1,-1_-1_-1,82,18,414,471,0.9996579
Images/blouse/524eb709a171eab14598860253023d62.jpg,blouse,232_104_1,293_114_1,269_144_1,210_108_1,314_122_0,215_142_1,310_158_0,-1_-1_-1,-1_-1_-1,214_142_1,194_130_1,309_162_1,328_151_0,215_270_1,322_255_1,-1_-1_-1,-1_-1_-1,-1_-1_-1,-1_-1_-1,-1_-1_-1,-1_-1_-1,-1_-1_-1,-1_-1_-1,-1_-1_-1,193,12,156,484,0.9991527
Images/blouse/72e09104ad0d46d59379b32197a14d64.jpg,blouse,215_161_1,267_157_1,241_165_1,173_182_1,310_182_1,180_251_1,306_252_1,-1_-1_-1,-1_-1_-1,232_342_1,210_370_1,266_346_1,300_373_1,174_399_1,307_398_1,-1_-1_-1,-1_-1_-1,-1_-1_-1,-1_-1_-1,-1_-1_-1,-1_-1_-1,-1_-1_-1,-1_-1_-1,-1_-1_-1,129,51,225,469,0.9987017
Images/blouse/ff068d86d60181edea224ffb16d1dbe8.jpg,blouse,202_125_1,252_122_1,226_138_1,149_144_1,301_153_1,171_199_1,284_205_1,-1_-1_-1,-1_-1_-1,160_291_1,107_288_1,268_297_0,323_293_1,143_326_0,276_337_1,-1_-1_-1,-1_-1_-1,-1_-1_-1,-1_-1_-1,-1_-1_-1,-1_-1_-1,-1_-1_-1,-1_-1_-1,-1_-1_-1,106,20,219,419,0.99330527
